Device,Model,MaxNumSeqs,MaxNumBatchedTokens,TensorParallelSize,MaxModelLen,Dataset,InputLen,OutputLen,ExpectedETEL
v6e-1,meta-llama/Llama-3.1-8B-Instruct,128,512,1,2048,sonnet,1800,128
v6e-1,meta-llama/Llama-3.1-8B-Instruct,128,1024,1,2048,sonnet,1800,128
v6e-1,meta-llama/Llama-3.1-8B-Instruct,128,2048,1,2048,sonnet,1800,128
v6e-1,meta-llama/Llama-3.1-8B-Instruct,128,4096,1,2048,sonnet,1800,128
v6e-1,meta-llama/Llama-3.1-8B-Instruct,256,512,1,2048,sonnet,1800,128
v6e-1,meta-llama/Llama-3.1-8B-Instruct,256,1024,1,2048,sonnet,1800,128
v6e-1,meta-llama/Llama-3.1-8B-Instruct,256,2048,1,2048,sonnet,1800,128
v6e-1,meta-llama/Llama-3.1-8B-Instruct,256,4096,1,2048,sonnet,1800,128
v6e-8,mistralai/Mixtral-8x7B-Instruct-v0.1,128,512,8,2048,sonnet,1800,128
v6e-8,mistralai/Mixtral-8x7B-Instruct-v0.1,128,1024,8,2048,sonnet,1800,128
v6e-8,mistralai/Mixtral-8x7B-Instruct-v0.1,128,2048,8,2048,sonnet,1800,128
v6e-8,mistralai/Mixtral-8x7B-Instruct-v0.1,128,4096,8,2048,sonnet,1800,128
v6e-8,mistralai/Mixtral-8x7B-Instruct-v0.1,256,512,8,2048,sonnet,1800,128
v6e-8,mistralai/Mixtral-8x7B-Instruct-v0.1,256,1024,8,2048,sonnet,1800,128
v6e-8,mistralai/Mixtral-8x7B-Instruct-v0.1,256,2048,8,2048,sonnet,1800,128
v6e-8,mistralai/Mixtral-8x7B-Instruct-v0.1,256,4096,8,2048,sonnet,1800,128
v6e-1,Qwen/Qwen3-8B,128,512,1,2048,sonnet,1800,128
v6e-1,Qwen/Qwen3-8B,128,1024,1,2048,sonnet,1800,128
v6e-1,Qwen/Qwen3-8B,128,2048,1,2048,sonnet,1800,128
v6e-1,Qwen/Qwen3-8B,128,4096,1,2048,sonnet,1800,128
v6e-1,Qwen/Qwen3-8B,256,512,1,2048,sonnet,1800,128
v6e-1,Qwen/Qwen3-8B,256,1024,1,2048,sonnet,1800,128
v6e-1,Qwen/Qwen3-8B,256,2048,1,2048,sonnet,1800,128
v6e-1,Qwen/Qwen3-8B,256,4096,1,2048,sonnet,1800,128
v6e-8,Qwen/Qwen3-32B,128,512,8,2048,sonnet,1800,128
v6e-8,Qwen/Qwen3-32B,128,1024,8,2048,sonnet,1800,128
v6e-8,Qwen/Qwen3-32B,128,2048,8,2048,sonnet,1800,128
v6e-8,Qwen/Qwen3-32B,128,4096,8,2048,sonnet,1800,128
v6e-8,Qwen/Qwen3-32B,256,512,8,2048,sonnet,1800,128
v6e-8,Qwen/Qwen3-32B,256,1024,8,2048,sonnet,1800,128
v6e-8,Qwen/Qwen3-32B,256,2048,8,2048,sonnet,1800,128
v6e-8,Qwen/Qwen3-32B,256,4096,8,2048,sonnet,1800,128
v6e-8,mistralai/Mistral-Small-24B-Instruct-2501,128,512,8,2048,sonnet,1800,128
v6e-8,mistralai/Mistral-Small-24B-Instruct-2501,128,1024,8,2048,sonnet,1800,128
v6e-8,mistralai/Mistral-Small-24B-Instruct-2501,128,2048,8,2048,sonnet,1800,128
v6e-8,mistralai/Mistral-Small-24B-Instruct-2501,128,4096,8,2048,sonnet,1800,128
v6e-8,mistralai/Mistral-Small-24B-Instruct-2501,256,512,8,2048,sonnet,1800,128
v6e-8,mistralai/Mistral-Small-24B-Instruct-2501,256,1024,8,2048,sonnet,1800,128
v6e-8,mistralai/Mistral-Small-24B-Instruct-2501,256,2048,8,2048,sonnet,1800,128
v6e-8,mistralai/Mistral-Small-24B-Instruct-2501,256,4096,8,2048,sonnet,1800,128
v6e-8,mistralai/Codestral-22B-v0.1,128,512,8,2048,sonnet,1800,128
v6e-8,mistralai/Codestral-22B-v0.1,128,1024,8,2048,sonnet,1800,128
v6e-8,mistralai/Codestral-22B-v0.1,128,2048,8,2048,sonnet,1800,128
v6e-8,mistralai/Codestral-22B-v0.1,128,4096,8,2048,sonnet,1800,128
v6e-8,mistralai/Codestral-22B-v0.1,256,512,8,2048,sonnet,1800,128
v6e-8,mistralai/Codestral-22B-v0.1,256,1024,8,2048,sonnet,1800,128
v6e-8,mistralai/Codestral-22B-v0.1,256,2048,8,2048,sonnet,1800,128
v6e-8,mistralai/Codestral-22B-v0.1,256,4096,8,2048,sonnet,1800,128
v6e-1,RedHatAI/Meta-Llama-3.1-8B-Instruct-quantized.w8a8,128,512,1,2048,sonnet,1800,128
v6e-1,RedHatAI/Meta-Llama-3.1-8B-Instruct-quantized.w8a8,128,1024,1,2048,sonnet,1800,128
v6e-1,RedHatAI/Meta-Llama-3.1-8B-Instruct-quantized.w8a8,128,2048,1,2048,sonnet,1800,128
v6e-1,RedHatAI/Meta-Llama-3.1-8B-Instruct-quantized.w8a8,128,4096,1,2048,sonnet,1800,128
v6e-1,RedHatAI/Meta-Llama-3.1-8B-Instruct-quantized.w8a8,256,512,1,2048,sonnet,1800,128
v6e-1,RedHatAI/Meta-Llama-3.1-8B-Instruct-quantized.w8a8,256,1024,1,2048,sonnet,1800,128
v6e-1,RedHatAI/Meta-Llama-3.1-8B-Instruct-quantized.w8a8,256,2048,1,2048,sonnet,1800,128
v6e-1,RedHatAI/Meta-Llama-3.1-8B-Instruct-quantized.w8a8,256,4096,1,2048,sonnet,1800,128
v6e-8,RedHatAI/Meta-Llama-3.1-70B-Instruct-quantized.w8a8,128,512,8,2048,sonnet,1800,128
v6e-8,RedHatAI/Meta-Llama-3.1-70B-Instruct-quantized.w8a8,128,1024,8,2048,sonnet,1800,128
v6e-8,RedHatAI/Meta-Llama-3.1-70B-Instruct-quantized.w8a8,128,2048,8,2048,sonnet,1800,128
v6e-8,RedHatAI/Meta-Llama-3.1-70B-Instruct-quantized.w8a8,128,4096,8,2048,sonnet,1800,128
v6e-8,RedHatAI/Meta-Llama-3.1-70B-Instruct-quantized.w8a8,256,512,8,2048,sonnet,1800,128
v6e-8,RedHatAI/Meta-Llama-3.1-70B-Instruct-quantized.w8a8,256,1024,8,2048,sonnet,1800,128
v6e-8,RedHatAI/Meta-Llama-3.1-70B-Instruct-quantized.w8a8,256,2048,8,2048,sonnet,1800,128
v6e-8,RedHatAI/Meta-Llama-3.1-70B-Instruct-quantized.w8a8,256,4096,8,2048,sonnet,1800,128
v6e-1,Qwen/Qwen2.5-7B-Instruct,128,512,1,2048,sonnet,1800,128
v6e-1,Qwen/Qwen2.5-7B-Instruct,128,1024,1,2048,sonnet,1800,128
v6e-1,Qwen/Qwen2.5-7B-Instruct,128,2048,1,2048,sonnet,1800,128
v6e-1,Qwen/Qwen2.5-7B-Instruct,128,4096,1,2048,sonnet,1800,128
v6e-1,Qwen/Qwen2.5-7B-Instruct,256,512,1,2048,sonnet,1800,128
v6e-1,Qwen/Qwen2.5-7B-Instruct,256,1024,1,2048,sonnet,1800,128
v6e-1,Qwen/Qwen2.5-7B-Instruct,256,2048,1,2048,sonnet,1800,128
v6e-1,Qwen/Qwen2.5-7B-Instruct,256,4096,1,2048,sonnet,1800,128
v6e-8,Qwen/Qwen2.5-14B-Instruct,128,512,8,2048,sonnet,1800,128
v6e-8,Qwen/Qwen2.5-14B-Instruct,128,1024,8,2048,sonnet,1800,128
v6e-8,Qwen/Qwen2.5-14B-Instruct,128,2048,8,2048,sonnet,1800,128
v6e-8,Qwen/Qwen2.5-14B-Instruct,128,4096,8,2048,sonnet,1800,128
v6e-8,Qwen/Qwen2.5-14B-Instruct,256,512,8,2048,sonnet,1800,128
v6e-8,Qwen/Qwen2.5-14B-Instruct,256,1024,8,2048,sonnet,1800,128
v6e-8,Qwen/Qwen2.5-14B-Instruct,256,2048,8,2048,sonnet,1800,128
v6e-8,Qwen/Qwen2.5-14B-Instruct,256,4096,8,2048,sonnet,1800,128
v6e-8,google/gemma-3-27b-it,128,512,8,2048,sonnet,1800,128
v6e-8,google/gemma-3-27b-it,128,1024,8,2048,sonnet,1800,128
v6e-8,google/gemma-3-27b-it,128,2048,8,2048,sonnet,1800,128
v6e-8,google/gemma-3-27b-it,128,4096,8,2048,sonnet,1800,128
v6e-8,google/gemma-3-27b-it,256,512,8,2048,sonnet,1800,128
v6e-8,google/gemma-3-27b-it,256,1024,8,2048,sonnet,1800,128
v6e-8,google/gemma-3-27b-it,256,2048,8,2048,sonnet,1800,128
v6e-8,google/gemma-3-27b-it,256,4096,8,2048,sonnet,1800,128
v6e-8,meta-llama/Llama-3.3-70B-Instruct,128,512,8,2048,sonnet,1800,128
v6e-8,meta-llama/Llama-3.3-70B-Instruct,128,1024,8,2048,sonnet,1800,128
v6e-8,meta-llama/Llama-3.3-70B-Instruct,128,2048,8,2048,sonnet,1800,128
v6e-8,meta-llama/Llama-3.3-70B-Instruct,128,4096,8,2048,sonnet,1800,128
v6e-8,meta-llama/Llama-3.3-70B-Instruct,256,512,8,2048,sonnet,1800,128
v6e-8,meta-llama/Llama-3.3-70B-Instruct,256,1024,8,2048,sonnet,1800,128
v6e-8,meta-llama/Llama-3.3-70B-Instruct,256,2048,8,2048,sonnet,1800,128
v6e-8,meta-llama/Llama-3.3-70B-Instruct,256,4096,8,2048,sonnet,1800,128
v6e-1,Qwen/Qwen2.5-1.5B-Instruct,128,512,1,2048,sonnet,1800,128
v6e-1,Qwen/Qwen2.5-1.5B-Instruct,128,1024,1,2048,sonnet,1800,128
v6e-1,Qwen/Qwen2.5-1.5B-Instruct,128,2048,1,2048,sonnet,1800,128
v6e-1,Qwen/Qwen2.5-1.5B-Instruct,128,4096,1,2048,sonnet,1800,128
v6e-1,Qwen/Qwen2.5-1.5B-Instruct,256,512,1,2048,sonnet,1800,128
v6e-1,Qwen/Qwen2.5-1.5B-Instruct,256,1024,1,2048,sonnet,1800,128
v6e-1,Qwen/Qwen2.5-1.5B-Instruct,256,2048,1,2048,sonnet,1800,128
v6e-1,Qwen/Qwen2.5-1.5B-Instruct,256,4096,1,2048,sonnet,1800,128
v6e-8,Qwen/Qwen2.5-32B,128,512,8,2048,sonnet,1800,128
v6e-8,Qwen/Qwen2.5-32B,128,1024,8,2048,sonnet,1800,128
v6e-8,Qwen/Qwen2.5-32B,128,2048,8,2048,sonnet,1800,128
v6e-8,Qwen/Qwen2.5-32B,128,4096,8,2048,sonnet,1800,128
v6e-8,Qwen/Qwen2.5-32B,256,512,8,2048,sonnet,1800,128
v6e-8,Qwen/Qwen2.5-32B,256,1024,8,2048,sonnet,1800,128
v6e-8,Qwen/Qwen2.5-32B,256,2048,8,2048,sonnet,1800,128
v6e-8,Qwen/Qwen2.5-32B,256,4096,8,2048,sonnet,1800,128
v6e-8,meta-llama/Llama-3.1-70B-Instruct,128,512,8,2048,sonnet,1800,128
v6e-8,meta-llama/Llama-3.1-70B-Instruct,128,1024,8,2048,sonnet,1800,128
v6e-8,meta-llama/Llama-3.1-70B-Instruct,128,2048,8,2048,sonnet,1800,128
v6e-8,meta-llama/Llama-3.1-70B-Instruct,128,4096,8,2048,sonnet,1800,128
v6e-8,meta-llama/Llama-3.1-70B-Instruct,256,512,8,2048,sonnet,1800,128
v6e-8,meta-llama/Llama-3.1-70B-Instruct,256,1024,8,2048,sonnet,1800,128
v6e-8,meta-llama/Llama-3.1-70B-Instruct,256,2048,8,2048,sonnet,1800,128
v6e-8,meta-llama/Llama-3.1-70B-Instruct,256,4096,8,2048,sonnet,1800,128
v6e-1,meta-llama/Llama-3.1-8B-Instruct,512,512,1,2048,sonnet,1800,128
v6e-1,meta-llama/Llama-3.1-8B-Instruct,512,1024,1,2048,sonnet,1800,128
v6e-1,meta-llama/Llama-3.1-8B-Instruct,512,2048,1,2048,sonnet,1800,128
v6e-1,meta-llama/Llama-3.1-8B-Instruct,512,4096,1,2048,sonnet,1800,128
v6e-8,mistralai/Mixtral-8x7B-Instruct-v0.1,512,512,8,2048,sonnet,1800,128
v6e-8,mistralai/Mixtral-8x7B-Instruct-v0.1,512,1024,8,2048,sonnet,1800,128
v6e-8,mistralai/Mixtral-8x7B-Instruct-v0.1,512,2048,8,2048,sonnet,1800,128
v6e-8,mistralai/Mixtral-8x7B-Instruct-v0.1,512,4096,8,2048,sonnet,1800,128
v6e-1,Qwen/Qwen3-8B,512,512,1,2048,sonnet,1800,128
v6e-1,Qwen/Qwen3-8B,512,1024,1,2048,sonnet,1800,128
v6e-1,Qwen/Qwen3-8B,512,2048,1,2048,sonnet,1800,128
v6e-1,Qwen/Qwen3-8B,512,4096,1,2048,sonnet,1800,128
v6e-8,Qwen/Qwen3-32B,512,512,8,2048,sonnet,1800,128
v6e-8,Qwen/Qwen3-32B,512,1024,8,2048,sonnet,1800,128
v6e-8,Qwen/Qwen3-32B,512,2048,8,2048,sonnet,1800,128
v6e-8,Qwen/Qwen3-32B,512,4096,8,2048,sonnet,1800,128
v6e-8,mistralai/Mistral-Small-24B-Instruct-2501,512,512,8,2048,sonnet,1800,128
v6e-8,mistralai/Mistral-Small-24B-Instruct-2501,512,1024,8,2048,sonnet,1800,128
v6e-8,mistralai/Mistral-Small-24B-Instruct-2501,512,2048,8,2048,sonnet,1800,128
v6e-8,mistralai/Mistral-Small-24B-Instruct-2501,512,4096,8,2048,sonnet,1800,128
v6e-8,mistralai/Codestral-22B-v0.1,512,512,8,2048,sonnet,1800,128
v6e-8,mistralai/Codestral-22B-v0.1,512,1024,8,2048,sonnet,1800,128
v6e-8,mistralai/Codestral-22B-v0.1,512,2048,8,2048,sonnet,1800,128
v6e-8,mistralai/Codestral-22B-v0.1,512,4096,8,2048,sonnet,1800,128
v6e-1,RedHatAI/Meta-Llama-3.1-8B-Instruct-quantized.w8a8,512,512,1,2048,sonnet,1800,128
v6e-1,RedHatAI/Meta-Llama-3.1-8B-Instruct-quantized.w8a8,512,1024,1,2048,sonnet,1800,128
v6e-1,RedHatAI/Meta-Llama-3.1-8B-Instruct-quantized.w8a8,512,2048,1,2048,sonnet,1800,128
v6e-1,RedHatAI/Meta-Llama-3.1-8B-Instruct-quantized.w8a8,512,4096,1,2048,sonnet,1800,128
v6e-8,RedHatAI/Meta-Llama-3.1-70B-Instruct-quantized.w8a8,512,512,8,2048,sonnet,1800,128
v6e-8,RedHatAI/Meta-Llama-3.1-70B-Instruct-quantized.w8a8,512,1024,8,2048,sonnet,1800,128
v6e-8,RedHatAI/Meta-Llama-3.1-70B-Instruct-quantized.w8a8,512,2048,8,2048,sonnet,1800,128
v6e-8,RedHatAI/Meta-Llama-3.1-70B-Instruct-quantized.w8a8,512,4096,8,2048,sonnet,1800,128
v6e-1,Qwen/Qwen2.5-7B-Instruct,512,512,1,2048,sonnet,1800,128
v6e-1,Qwen/Qwen2.5-7B-Instruct,512,1024,1,2048,sonnet,1800,128
v6e-1,Qwen/Qwen2.5-7B-Instruct,512,2048,1,2048,sonnet,1800,128
v6e-1,Qwen/Qwen2.5-7B-Instruct,512,4096,1,2048,sonnet,1800,128
v6e-8,Qwen/Qwen2.5-14B-Instruct,512,512,8,2048,sonnet,1800,128
v6e-8,Qwen/Qwen2.5-14B-Instruct,512,1024,8,2048,sonnet,1800,128
v6e-8,Qwen/Qwen2.5-14B-Instruct,512,2048,8,2048,sonnet,1800,128
v6e-8,Qwen/Qwen2.5-14B-Instruct,512,4096,8,2048,sonnet,1800,128
v6e-8,google/gemma-3-27b-it,512,512,8,2048,sonnet,1800,128
v6e-8,google/gemma-3-27b-it,512,1024,8,2048,sonnet,1800,128
v6e-8,google/gemma-3-27b-it,512,2048,8,2048,sonnet,1800,128
v6e-8,google/gemma-3-27b-it,512,4096,8,2048,sonnet,1800,128
v6e-8,meta-llama/Llama-3.3-70B-Instruct,512,512,8,2048,sonnet,1800,128
v6e-8,meta-llama/Llama-3.3-70B-Instruct,512,1024,8,2048,sonnet,1800,128
v6e-8,meta-llama/Llama-3.3-70B-Instruct,512,2048,8,2048,sonnet,1800,128
v6e-8,meta-llama/Llama-3.3-70B-Instruct,512,4096,8,2048,sonnet,1800,128
v6e-1,Qwen/Qwen2.5-1.5B-Instruct,512,512,1,2048,sonnet,1800,128
v6e-1,Qwen/Qwen2.5-1.5B-Instruct,512,1024,1,2048,sonnet,1800,128
v6e-1,Qwen/Qwen2.5-1.5B-Instruct,512,2048,1,2048,sonnet,1800,128
v6e-1,Qwen/Qwen2.5-1.5B-Instruct,512,4096,1,2048,sonnet,1800,128
v6e-8,Qwen/Qwen2.5-32B,512,512,8,2048,sonnet,1800,128
v6e-8,Qwen/Qwen2.5-32B,512,1024,8,2048,sonnet,1800,128
v6e-8,Qwen/Qwen2.5-32B,512,2048,8,2048,sonnet,1800,128
v6e-8,Qwen/Qwen2.5-32B,512,4096,8,2048,sonnet,1800,128
v6e-8,meta-llama/Llama-3.1-70B-Instruct,512,512,8,2048,sonnet,1800,128
v6e-8,meta-llama/Llama-3.1-70B-Instruct,512,1024,8,2048,sonnet,1800,128
v6e-8,meta-llama/Llama-3.1-70B-Instruct,512,2048,8,2048,sonnet,1800,128
v6e-8,meta-llama/Llama-3.1-70B-Instruct,512,4096,8,2048,sonnet,1800,128
v6e-4,Qwen/Qwen2.5-32B,64,64,4,10368,sonnet,10000,300
v6e-4,Qwen/Qwen2.5-32B,64,128,4,10368,sonnet,10000,300
v6e-4,Qwen/Qwen2.5-32B,64,256,4,10368,sonnet,10000,300
v6e-4,Qwen/Qwen2.5-32B,64,512,4,10368,sonnet,10000,300
v6e-4,Qwen/Qwen2.5-32B,64,1024,4,10368,sonnet,10000,300
v6e-4,Qwen/Qwen2.5-32B,64,2048,4,10368,sonnet,10000,300
v6e-4,Qwen/Qwen2.5-32B,64,4096,4,10368,sonnet,10000,300
v6e-4,Qwen/Qwen2.5-32B,128,128,4,10368,sonnet,10000,300
v6e-4,Qwen/Qwen2.5-32B,128,256,4,10368,sonnet,10000,300
v6e-4,Qwen/Qwen2.5-32B,128,512,4,10368,sonnet,10000,300
v6e-4,Qwen/Qwen2.5-32B,128,1024,4,10368,sonnet,10000,300
v6e-4,Qwen/Qwen2.5-32B,128,2048,4,10368,sonnet,10000,300
v6e-4,Qwen/Qwen2.5-32B,128,4096,4,10368,sonnet,10000,300
v6e-4,Qwen/Qwen2.5-32B,256,256,4,10368,sonnet,10000,300
v6e-4,Qwen/Qwen2.5-32B,256,512,4,10368,sonnet,10000,300
v6e-4,Qwen/Qwen2.5-32B,256,1024,4,10368,sonnet,10000,300
v6e-4,Qwen/Qwen2.5-32B,256,2048,4,10368,sonnet,10000,300
v6e-4,Qwen/Qwen2.5-32B,256,4096,4,10368,sonnet,10000,300
v6e-4,Qwen/Qwen2.5-32B,512,512,4,10368,sonnet,10000,300
v6e-4,Qwen/Qwen2.5-32B,512,1024,4,10368,sonnet,10000,300
v6e-4,Qwen/Qwen2.5-32B,512,2048,4,10368,sonnet,10000,300
v6e-4,Qwen/Qwen2.5-32B,512,4096,4,10368,sonnet,10000,300
v6e-4,Qwen/Qwen2.5-32B,64,64,4,800,sonnet,300,300
v6e-4,Qwen/Qwen2.5-32B,64,128,4,800,sonnet,300,300
v6e-4,Qwen/Qwen2.5-32B,64,256,4,800,sonnet,300,300
v6e-4,Qwen/Qwen2.5-32B,64,512,4,800,sonnet,300,300
v6e-4,Qwen/Qwen2.5-32B,64,1024,4,800,sonnet,300,300
v6e-4,Qwen/Qwen2.5-32B,64,2048,4,800,sonnet,300,300
v6e-4,Qwen/Qwen2.5-32B,64,4096,4,800,sonnet,300,300
v6e-4,Qwen/Qwen2.5-32B,128,128,4,800,sonnet,300,300
v6e-4,Qwen/Qwen2.5-32B,128,256,4,800,sonnet,300,300
v6e-4,Qwen/Qwen2.5-32B,128,512,4,800,sonnet,300,300
v6e-4,Qwen/Qwen2.5-32B,128,1024,4,800,sonnet,300,300
v6e-4,Qwen/Qwen2.5-32B,128,2048,4,800,sonnet,300,300
v6e-4,Qwen/Qwen2.5-32B,128,4096,4,800,sonnet,300,300
v6e-4,Qwen/Qwen2.5-32B,256,256,4,800,sonnet,300,300
v6e-4,Qwen/Qwen2.5-32B,256,512,4,800,sonnet,300,300
v6e-4,Qwen/Qwen2.5-32B,256,1024,4,800,sonnet,300,300
v6e-4,Qwen/Qwen2.5-32B,256,2048,4,800,sonnet,300,300
v6e-4,Qwen/Qwen2.5-32B,256,4096,4,800,sonnet,300,300
v6e-4,Qwen/Qwen2.5-32B,512,512,4,800,sonnet,300,300
v6e-4,Qwen/Qwen2.5-32B,512,1024,4,800,sonnet,300,300
v6e-4,Qwen/Qwen2.5-32B,512,2048,4,800,sonnet,300,300
v6e-4,Qwen/Qwen2.5-32B,512,4096,4,800,sonnet,300,300
v6e-8,Qwen/Qwen2.5-32B,64,64,8,10368,sonnet,10000,300
v6e-8,Qwen/Qwen2.5-32B,64,128,8,10368,sonnet,10000,300
v6e-8,Qwen/Qwen2.5-32B,64,256,8,10368,sonnet,10000,300
v6e-8,Qwen/Qwen2.5-32B,64,512,8,10368,sonnet,10000,300
v6e-8,Qwen/Qwen2.5-32B,64,1024,8,10368,sonnet,10000,300
v6e-8,Qwen/Qwen2.5-32B,64,2048,8,10368,sonnet,10000,300
v6e-8,Qwen/Qwen2.5-32B,64,4096,8,10368,sonnet,10000,300
v6e-8,Qwen/Qwen2.5-32B,128,128,8,10368,sonnet,10000,300
v6e-8,Qwen/Qwen2.5-32B,128,256,8,10368,sonnet,10000,300
v6e-8,Qwen/Qwen2.5-32B,128,512,8,10368,sonnet,10000,300
v6e-8,Qwen/Qwen2.5-32B,128,1024,8,10368,sonnet,10000,300
v6e-8,Qwen/Qwen2.5-32B,128,2048,8,10368,sonnet,10000,300
v6e-8,Qwen/Qwen2.5-32B,128,4096,8,10368,sonnet,10000,300
v6e-8,Qwen/Qwen2.5-32B,256,256,8,10368,sonnet,10000,300
v6e-8,Qwen/Qwen2.5-32B,256,512,8,10368,sonnet,10000,300
v6e-8,Qwen/Qwen2.5-32B,256,1024,8,10368,sonnet,10000,300
v6e-8,Qwen/Qwen2.5-32B,256,2048,8,10368,sonnet,10000,300
v6e-8,Qwen/Qwen2.5-32B,256,4096,8,10368,sonnet,10000,300
v6e-8,Qwen/Qwen2.5-32B,512,512,8,10368,sonnet,10000,300
v6e-8,Qwen/Qwen2.5-32B,512,1024,8,10368,sonnet,10000,300
v6e-8,Qwen/Qwen2.5-32B,512,2048,8,10368,sonnet,10000,300
v6e-8,Qwen/Qwen2.5-32B,512,4096,8,10368,sonnet,10000,300
v6e-8,Qwen/Qwen2.5-32B,64,64,8,800,sonnet,300,300
v6e-8,Qwen/Qwen2.5-32B,64,128,8,800,sonnet,300,300
v6e-8,Qwen/Qwen2.5-32B,64,256,8,800,sonnet,300,300
v6e-8,Qwen/Qwen2.5-32B,64,512,8,800,sonnet,300,300
v6e-8,Qwen/Qwen2.5-32B,64,1024,8,800,sonnet,300,300
v6e-8,Qwen/Qwen2.5-32B,64,2048,8,800,sonnet,300,300
v6e-8,Qwen/Qwen2.5-32B,64,4096,8,800,sonnet,300,300
v6e-8,Qwen/Qwen2.5-32B,128,128,8,800,sonnet,300,300
v6e-8,Qwen/Qwen2.5-32B,128,256,8,800,sonnet,300,300
v6e-8,Qwen/Qwen2.5-32B,128,512,8,800,sonnet,300,300
v6e-8,Qwen/Qwen2.5-32B,128,1024,8,800,sonnet,300,300
v6e-8,Qwen/Qwen2.5-32B,128,2048,8,800,sonnet,300,300
v6e-8,Qwen/Qwen2.5-32B,128,4096,8,800,sonnet,300,300
v6e-8,Qwen/Qwen2.5-32B,256,256,8,800,sonnet,300,300
v6e-8,Qwen/Qwen2.5-32B,256,512,8,800,sonnet,300,300
v6e-8,Qwen/Qwen2.5-32B,256,1024,8,800,sonnet,300,300
v6e-8,Qwen/Qwen2.5-32B,256,2048,8,800,sonnet,300,300
v6e-8,Qwen/Qwen2.5-32B,256,4096,8,800,sonnet,300,300
v6e-8,Qwen/Qwen2.5-32B,512,512,8,800,sonnet,300,300
v6e-8,Qwen/Qwen2.5-32B,512,1024,8,800,sonnet,300,300
v6e-8,Qwen/Qwen2.5-32B,512,2048,8,800,sonnet,300,300
v6e-8,Qwen/Qwen2.5-32B,512,4096,8,800,sonnet,300,300
v6e-1,Qwen/Qwen2.5-7B-Instruct,64,64,1,128,random,30,30
v6e-1,Qwen/Qwen2.5-7B-Instruct,64,128,1,128,random,30,30
v6e-1,Qwen/Qwen2.5-7B-Instruct,64,256,1,128,random,30,30
v6e-1,Qwen/Qwen2.5-7B-Instruct,64,512,1,128,random,30,30
v6e-1,Qwen/Qwen2.5-7B-Instruct,64,1024,1,128,random,30,30
v6e-1,Qwen/Qwen2.5-7B-Instruct,64,2048,1,128,random,30,30
v6e-1,Qwen/Qwen2.5-7B-Instruct,64,4096,1,128,random,30,30
v6e-1,Qwen/Qwen2.5-7B-Instruct,128,128,1,128,random,30,30
v6e-1,Qwen/Qwen2.5-7B-Instruct,128,256,1,128,random,30,30
v6e-1,Qwen/Qwen2.5-7B-Instruct,128,512,1,128,random,30,30
v6e-1,Qwen/Qwen2.5-7B-Instruct,128,1024,1,128,random,30,30
v6e-1,Qwen/Qwen2.5-7B-Instruct,128,2048,1,128,random,30,30
v6e-1,Qwen/Qwen2.5-7B-Instruct,128,4096,1,128,random,30,30
v6e-1,Qwen/Qwen2.5-7B-Instruct,256,256,1,128,random,30,30
v6e-1,Qwen/Qwen2.5-7B-Instruct,256,512,1,128,random,30,30
v6e-1,Qwen/Qwen2.5-7B-Instruct,256,1024,1,128,random,30,30
v6e-1,Qwen/Qwen2.5-7B-Instruct,256,2048,1,128,random,30,30
v6e-1,Qwen/Qwen2.5-7B-Instruct,256,4096,1,128,random,30,30
v6e-1,Qwen/Qwen2.5-7B-Instruct,512,512,1,128,random,30,30
v6e-1,Qwen/Qwen2.5-7B-Instruct,512,1024,1,128,random,30,30
v6e-1,Qwen/Qwen2.5-7B-Instruct,512,2048,1,128,random,30,30
v6e-1,Qwen/Qwen2.5-7B-Instruct,512,4096,1,128,random,30,30
v6e-1,Qwen/Qwen2.5-7B-Instruct,64,64,1,64,random,30,30
v6e-1,Qwen/Qwen2.5-7B-Instruct,64,128,1,64,random,30,30
v6e-1,Qwen/Qwen2.5-7B-Instruct,64,256,1,64,random,30,30
v6e-1,Qwen/Qwen2.5-7B-Instruct,64,512,1,64,random,30,30
v6e-1,Qwen/Qwen2.5-7B-Instruct,64,1024,1,64,random,30,30
v6e-1,Qwen/Qwen2.5-7B-Instruct,64,2048,1,64,random,30,30
v6e-1,Qwen/Qwen2.5-7B-Instruct,64,4096,1,64,random,30,30
v6e-1,Qwen/Qwen2.5-7B-Instruct,128,128,1,64,random,30,30
v6e-1,Qwen/Qwen2.5-7B-Instruct,128,256,1,64,random,30,30
v6e-1,Qwen/Qwen2.5-7B-Instruct,128,512,1,64,random,30,30
v6e-1,Qwen/Qwen2.5-7B-Instruct,128,1024,1,64,random,30,30
v6e-1,Qwen/Qwen2.5-7B-Instruct,128,2048,1,64,random,30,30
v6e-1,Qwen/Qwen2.5-7B-Instruct,128,4096,1,64,random,30,30
v6e-1,Qwen/Qwen2.5-7B-Instruct,256,256,1,64,random,30,30
v6e-1,Qwen/Qwen2.5-7B-Instruct,256,512,1,64,random,30,30
v6e-1,Qwen/Qwen2.5-7B-Instruct,256,1024,1,64,random,30,30
v6e-1,Qwen/Qwen2.5-7B-Instruct,256,2048,1,64,random,30,30
v6e-1,Qwen/Qwen2.5-7B-Instruct,256,4096,1,64,random,30,30
v6e-1,Qwen/Qwen2.5-7B-Instruct,512,512,1,64,random,30,30
v6e-1,Qwen/Qwen2.5-7B-Instruct,512,1024,1,64,random,30,30
v6e-1,Qwen/Qwen2.5-7B-Instruct,512,2048,1,64,random,30,30
v6e-1,Qwen/Qwen2.5-7B-Instruct,512,4096,1,64,random,30,30
v6e-1,meta-llama/Llama-3.1-8B-Instruct,64,64,1,2048,random,20,20
v6e-1,meta-llama/Llama-3.1-8B-Instruct,64,128,1,2048,random,20,20
v6e-1,meta-llama/Llama-3.1-8B-Instruct,64,256,1,2048,random,20,20
v6e-1,meta-llama/Llama-3.1-8B-Instruct,64,512,1,2048,random,20,20
v6e-1,meta-llama/Llama-3.1-8B-Instruct,64,1024,1,2048,random,20,20
v6e-1,meta-llama/Llama-3.1-8B-Instruct,64,2048,1,2048,random,20,20
v6e-1,meta-llama/Llama-3.1-8B-Instruct,64,4096,1,2048,random,20,20
v6e-1,meta-llama/Llama-3.1-8B-Instruct,128,128,1,2048,random,20,20
v6e-1,meta-llama/Llama-3.1-8B-Instruct,128,256,1,2048,random,20,20
v6e-1,meta-llama/Llama-3.1-8B-Instruct,128,512,1,2048,random,20,20
v6e-1,meta-llama/Llama-3.1-8B-Instruct,128,1024,1,2048,random,20,20
v6e-1,meta-llama/Llama-3.1-8B-Instruct,128,2048,1,2048,random,20,20
v6e-1,meta-llama/Llama-3.1-8B-Instruct,128,4096,1,2048,random,20,20
v6e-1,meta-llama/Llama-3.1-8B-Instruct,256,256,1,2048,random,20,20
v6e-1,meta-llama/Llama-3.1-8B-Instruct,256,512,1,2048,random,20,20
v6e-1,meta-llama/Llama-3.1-8B-Instruct,256,1024,1,2048,random,20,20
v6e-1,meta-llama/Llama-3.1-8B-Instruct,256,2048,1,2048,random,20,20
v6e-1,meta-llama/Llama-3.1-8B-Instruct,256,4096,1,2048,random,20,20
v6e-1,meta-llama/Llama-3.1-8B-Instruct,512,512,1,2048,random,20,20
v6e-1,meta-llama/Llama-3.1-8B-Instruct,512,1024,1,2048,random,20,20
v6e-1,meta-llama/Llama-3.1-8B-Instruct,512,2048,1,2048,random,20,20
v6e-1,meta-llama/Llama-3.1-8B-Instruct,512,4096,1,2048,random,20,20
v6e-1,meta-llama/Llama-3.1-8B-Instruct,64,64,1,2048,random,30,30
v6e-1,meta-llama/Llama-3.1-8B-Instruct,64,128,1,2048,random,30,30
v6e-1,meta-llama/Llama-3.1-8B-Instruct,64,256,1,2048,random,30,30
v6e-1,meta-llama/Llama-3.1-8B-Instruct,64,512,1,2048,random,30,30
v6e-1,meta-llama/Llama-3.1-8B-Instruct,64,1024,1,2048,random,30,30
v6e-1,meta-llama/Llama-3.1-8B-Instruct,64,2048,1,2048,random,30,30
v6e-1,meta-llama/Llama-3.1-8B-Instruct,64,4096,1,2048,random,30,30
v6e-1,meta-llama/Llama-3.1-8B-Instruct,128,128,1,2048,random,30,30
v6e-1,meta-llama/Llama-3.1-8B-Instruct,128,256,1,2048,random,30,30
v6e-1,meta-llama/Llama-3.1-8B-Instruct,128,512,1,2048,random,30,30
v6e-1,meta-llama/Llama-3.1-8B-Instruct,128,1024,1,2048,random,30,30
v6e-1,meta-llama/Llama-3.1-8B-Instruct,128,2048,1,2048,random,30,30
v6e-1,meta-llama/Llama-3.1-8B-Instruct,128,4096,1,2048,random,30,30
v6e-1,meta-llama/Llama-3.1-8B-Instruct,256,256,1,2048,random,30,30
v6e-1,meta-llama/Llama-3.1-8B-Instruct,256,512,1,2048,random,30,30
v6e-1,meta-llama/Llama-3.1-8B-Instruct,256,1024,1,2048,random,30,30
v6e-1,meta-llama/Llama-3.1-8B-Instruct,256,2048,1,2048,random,30,30
v6e-1,meta-llama/Llama-3.1-8B-Instruct,256,4096,1,2048,random,30,30
v6e-1,meta-llama/Llama-3.1-8B-Instruct,512,512,1,2048,random,30,30
v6e-1,meta-llama/Llama-3.1-8B-Instruct,512,1024,1,2048,random,30,30
v6e-1,meta-llama/Llama-3.1-8B-Instruct,512,2048,1,2048,random,30,30
v6e-1,meta-llama/Llama-3.1-8B-Instruct,512,4096,1,2048,random,30,30
